Key,Context,Example,Source,de,en-us,es,es-es,fr,it,ja,ko,pt,pt-br,ru,zh-cjv,zh-cn,zh-tw
GameChat_ChatChannel_MutedInChannel,,,,Du wurdest stummgeschaltet und kannst in diesem Kanal nicht kommunizieren.,You are muted and cannot talk in this channel,Se te ha silenciado y no puedes hablar en este canal.,Se te ha silenciado y no puedes hablar en este canal.,Vous êtes bâillonné et ne pouvez pas parler sur ce canal,Non hai più la parola e non puoi chattare in questo canale,あなたはミュートされこのチャンネルで話すことは出来ません。,이 채널에서 음소거되어 이야기할 수 없어요,Você está silenciado(a) e não pode falar neste canal,Você está silenciado(a) e não pode falar neste canal,Вы добавлены в список игнорируемых и не можете общаться на этом канале,你已被禁言，无法在此频道聊天,你已被禁言，无法在此频道聊天,您遭到靜音，無法在此頻道聊天
GameChat_ChatCommandsTeller_AllChannelWelcomeMessage,,,,"Gib „/?“ oder „/help“ im Chat ein, um eine Liste der Chatbefehle zu erhalten.",Chat '/?' or '/help' for a list of chat commands.,"Envía ""/?"" o ""/help"" para obtener la lista de comandos del chat.","Envía ""/?"" o ""/help"" para obtener la lista de comandos del chat.","Dans le chat, « /? » ou « /help » pour la liste des commandes du chat.","Scrivi ""/?"" o ""/help"" per avere l'elenco dei comandi della chat.",チャットで 「/?」 または 「/help」を入力するとチャットコマンドの一覧を表示します。,채팅창에 '/?' 또는 '/도움말'을 입력하면 채팅 명령어 목록을 볼 수 있어요.,Digite '/?' ou '/help' no chat para ver uma lista de comandos.,Digite '/?' ou '/help' no chat para ver uma lista de comandos.,"Введите «/?» или «/help», чтобы увидеть список команд чата.",输入 “/?”或 “/help” 可获取聊天指令清单。,输入 “/?”或 “/help” 可获取聊天指令清单。,輸入「/?」或「/help」取得聊天指令清單。
GameChat_ChatCommandsTeller_Desc,,,,Das sind die grundlegenden Chatbefehle.,These are the basic chat commands.,Estos son los comandos básicos del chat.,Estos son los comandos básicos del chat.,Voici les commandes de chat basiques.,Questi sono i comandi base della chat.,これらは基本的なチャットコマンドです。,기본 채팅 명령어에요.,Esses são os comandos de chat básicos.,Esses são os comandos de chat básicos.,Это основные команды чата.,这些是基本聊天指令。,这些是基本聊天指令。,以下是基本聊天室指令。
GameChat_ChatCommandsTeller_MeCommand,,,,/me <Text> : Rollenspielbefehl für Aktionen.,/me <text> : roleplaying command for doing actions.,/me <text>: comando de rol para realizar acciones.,/me <text>: comando de rol para realizar acciones.,/me <texte> : commande jeu de rôle pour accomplir des actions.,/me <testo>: comando per descrivere azioni e giocare di ruolo.,/me <テキスト> : アクションのためのロールプレイングコマンド。,/me <텍스트> : 작업 수행을 위한 역할 놀이 명령어.,/me <texto> : comando de RPG para realizar ações.,/me <texto> : comando de RPG para realizar ações.,/me <текст> : сообщить о выполнении какого-либо действия.,/me <text> : 做动作的角色扮演指令。,/me <text> : 做动作的角色扮演指令。,/me <文字>：角色扮演動作的指令。
GameChat_ChatCommandsTeller_MuteCommand,,,,/mute <Sprecher> : Schaltet Sprecher:in stumm.,/mute <speaker> : mute a speaker.,/mute <usuario>: silenciar a un usuario.,/mute <usuario>: silenciar a un usuario.,/mute <interlocuteur> : bâillonne un interlocuteur.,/mute <giocatore>: togli la parola a un giocatore.,/mute <スピーカー> : 相手をミュート。,/mute <스피커> : 스피커 음소거.,/mute <pessoa> : silenciar uma pessoa.,/mute <pessoa> : silenciar uma pessoa.,/mute <пользователь> : игнорировать пользователя.,/mute <用户名称>：将用户禁言。,/mute <用户名称>：将用户禁言。,/mute <使用者名稱> : 將此使用者靜音。
GameChat_ChatCommandsTeller_SwitchChannelCommand,,,,/c <Kanal> : Zum Wechseln zwischen Kanalmenüreitern.,/c <channel> : switch channel menu tabs.,/c <channel>: alternar pestañas del menú del chat.,/c <channel>: alternar pestañas del menú del chat.,/c <canal> : échanger les onglets du menu Canal.,/c <canale>: cambia scheda nel menu dei canali.,/c <チャンネル> : チャンネルメニュータブを切り替える。,/c <채널> : 채널 메뉴 탭 전환.,/c <canal> : trocar abas de menu de canal.,/c <canal> : trocar abas de menu de canal.,/c <канал> : переключить вкладку в меню каналов.,/c <频道名称> : 切换频道菜单标签。,/c <频道名称> : 切换频道菜单标签。,/c <頻道名稱>：切換頻道選單標籤。
GameChat_ChatCommandsTeller_TeamCommand,,,,/team <Nachricht> oder /t <Nachricht> : Sendet eine Teamnachricht an Spieler:innen deines Teams.,/team <message> or /t <message> : send a team chat to players on your team.,/team <message> o /t <message>: enviar un mensaje de chat de equipo a los jugadores de tu equipo.,/team <message> o /t <message>: enviar un mensaje de chat de equipo a los jugadores de tu equipo.,/team <message> ou /t <message> : envoyer un message aux joueurs de votre équipe.,/team <messaggio> o /t <messaggio>: invia un messaggio a tutti i giocatori della tua squadra.,/team <メッセージ> または /t <メッセージ> : 自分のチームメンバーにチームチャットを送る。,/team <메시지> 또는 /t <메시지> : 팀 내 플레이어에게 팀 채팅 전송.,/team <mensagem> ou /t <mensagem> : enviar um chat de equipe aos jogadores da sua equipe.,/team <mensagem> ou /t <mensagem> : enviar um chat de equipe aos jogadores da sua equipe.,/team <сообщение> или /t <сообщение> : отправить сообщение игрокам из вашей команды.,/team <message> 或 /t <message> : 向你团队的玩家发送团队聊天。,/team <message> 或 /t <message> : 向你团队的玩家发送团队聊天。,/team <訊息> 或 /t <訊息> : 傳送訊息給隊伍中的玩家。
GameChat_ChatCommandsTeller_UnMuteCommand,,,,/unmute <Sprecher> : Hebt Stummschaltung eines Sprechers auf.,/unmute <speaker> : unmute a speaker.,/unmute <speaker>: cancelar silencio de un usuario.,/unmute <speaker>: cancelar silencio de un usuario.,/unmute <interlocuteur> : retire le bâillon d'un interlocuteur.,/unmute <giocatore>: restituisci la parola a un giocatore.,/unmute <スピーカー> : 相手のミュートを解除.,/unmute <스피커> : 스피커 음소거 해제.,/unmute <pessoa> : remover silêncio de uma pessoa.,/unmute <pessoa> : remover silêncio de uma pessoa.,/unmute <пользователь> : перестать игнорировать пользователя.,/unmute <用户名称> : 取消该用户禁言。,/unmute <用户名称> : 取消该用户禁言。,/unmute <使用者名稱> : 將此使用者解除靜音。
GameChat_ChatCommandsTeller_WhisperCommand,,,,/whisper <Sprecher:in> oder /w <Sprecher:in> : Öffnet privaten Nachrichtenkanal mit Sprecher:in.,/whisper <speaker> or /w <speaker> : open private message channel with speaker.,/whisper <usuario> o /w <usuario>: abrir canal de mensajes privados con un usuario.,/whisper <usuario> o /w <usuario>: abrir canal de mensajes privados con un usuario.,/whisper <interlocuteur> ou /w <interlocuteur> : ouvre un canal de discussion privé avec l'interlocuteur.,/whisper <giocatore> o /w <giocatore>: apri un canale privato con un giocatore.,/whisper <スピーカー> または /w <スピーカー> : プライベートメッセージチャンネルを開く,/whisper <스피커> 또는 /w <스피커> : 스피커 채널에서 비공개 메시지 열기.,/whisper <pessoa> ou /w <pessoa> : abrir um canal de mensagem privada com uma pessoa.,/whisper <pessoa> ou /w <pessoa> : abrir um canal de mensagem privada com uma pessoa.,/whisper <пользователь> или /w <пользователь> : открыть канал для личной переписки с пользователем.,/whisper <用户名称> 或 /w <用户名称> : 与此用户开启私人消息频道。,/whisper <用户名称> 或 /w <用户名称> : 与此用户开启私人消息频道。,/whisper <使用者名稱> 或 /w <使用者名稱> : 與此使用者開啟私人訊息頻道。
GameChat_ChatFloodDetector_Message,,,,"Du musst warten, bevor du eine weitere Nachricht senden kannst!",You must wait before sending another message!,¡Debes esperar antes de enviar otro mensaje!,¡Debes esperar antes de enviar otro mensaje!,Vous devez attendre avant d'envoyer un autre message !,Devi aspettare prima di inviare un altro messaggio!,少し待ってから次のメッセージを送ってください!,추가 메시지를 보내기 전에 기다려야 해요!,Você precisa esperar antes de enviar outra mensagem!,Você precisa esperar antes de enviar outra mensagem!,"Необходимо подождать, прежде чем отправлять новое сообщение!",发送另一条消息前你必须等待！,发送另一条消息前你必须等待！,請稍後再傳送訊息。
GameChat_ChatFloodDetector_MessageDisplaySeconds,,,,"Du musst {RBX_NUMBER} Sekunden lang warten, bevor du eine weitere Nachricht senden kannst!",You must wait {RBX_NUMBER} seconds before sending another message!,¡Debes esperar {RBX_NUMBER} segundos antes de enviar otro mensaje!,¡Debes esperar {RBX_NUMBER} segundos antes de enviar otro mensaje!,Vous devez attendre {RBX_NUMBER} secondes avant d'envoyer un autre message !,Devi aspettare {RBX_NUMBER} secondi prima di inviare un altro messaggio!,{RBX_NUMBER} 秒待ってから次のメッセージを送ってください!,추가 메시지를 보내기 전에 {RBX_NUMBER}초 동안 기다려야 해요!,Você precisa esperar {RBX_NUMBER} segundos antes de enviar outra mensagem!,Você precisa esperar {RBX_NUMBER} segundos antes de enviar outra mensagem!,Вы сможете отправить новое сообщение только через {RBX_NUMBER} сек.!,发送另一条消息前你必须等待 {RBX_NUMBER} 秒！,发送另一条消息前你必须等待 {RBX_NUMBER} 秒！,請 {RBX_NUMBER} 秒後再傳送訊息。
GameChat_ChatMain_ChatBarText,,,,Klicke zum Chatten hier oder drücke die „/“-Taste.,"To chat click here or press ""/"" key","Para chatear, haz clic aquí o pulsa la tecla ""/"".","Para chatear, haz clic aquí o pulsa la tecla ""/"".","Pour discuter, cliquez ici ou sur la touche « / »","Per chattare, clicca qui o premi il tasto ""/""",チャットするにはここをクリックするか 「 / 」 キーを押します。,"여기를 클릭하거나 ""/"" 키를 누른 후 채팅을 시작하세요","Para escrever clique aqui ou aperte a tecla ""/""","Para escrever clique aqui ou aperte a tecla ""/""","Чтобы общаться в чате, нажмите здесь или на клавишу «/»",若要聊天，请点按此处或按下“/”键,若要聊天，请点按此处或按下“/”键,若要聊天，請按下此處或「/」鍵
GameChat_ChatMain_ChatBarTextTouch,,,,Tippe zum Chatten hier.,Tap here to chat,Toca aquí para chatear,Toca aquí para chatear,Touchez ici pour discuter,Tocca qui per chattare,ここをタップしてチャットする,여기를 클릭한 후 내용을 입력하세요,Toque aqui para escrever,Toque aqui para escrever,"Коснитесь здесь, чтобы общаться в чате",轻点此处以聊天,轻点此处以聊天,按下此處聊天
GameChat_ChatMain_SpeakerHasBeenBlocked,,,,Sprecher:in „{RBX_NAME}“ wurde blockiert.,Speaker '{RBX_NAME}' has been blocked.,"Se ha bloqueado al usuario ""{RBX_NAME}"".","Se ha bloqueado al usuario ""{RBX_NAME}"".",L'interlocuteur {RBX_NAME} a été bloqué.,"Hai bloccato il giocatore ""{RBX_NAME}"".",「{RBX_NAME}」はブロック中です。,스피커 '{RBX_NAME}'님을 차단했어요.,'{RBX_NAME}' foi bloqueado.,'{RBX_NAME}' foi bloqueado.,Пользователь {RBX_NAME} заблокирован.,发言者“{RBX_NAME}”已被屏蔽。,发言者“{RBX_NAME}”已被屏蔽。,已封鎖使用者「{RBX_NAME}」。
GameChat_ChatMain_SpeakerHasBeenMuted,,,,Sprecher:in „{RBX_NAME}“ wurde stummgeschaltet.,Speaker '{RBX_NAME}' has been muted.,"Se ha silenciado al usuario ""{RBX_NAME}"".","Se ha silenciado al usuario ""{RBX_NAME}"".",L'interlocuteur {RBX_NAME} a été bâillonné.,"Hai tolto la parola al giocatore ""{RBX_NAME}"".",「{RBX_NAME}」をミュートしました。,스피커 '{RBX_NAME}'이(가) 음소거되었어요.,'{RBX_NAME}' foi silenciado(a).,'{RBX_NAME}' foi silenciado(a).,Пользователь {RBX_NAME} добавлен в список игнорируемых.,发言者“{RBX_NAME}”已被禁言。,发言者“{RBX_NAME}”已被禁言。,已將使用者「{RBX_NAME}」靜音。
GameChat_ChatMain_SpeakerHasBeenUnBlocked,,,,Blockierung von Sprecher:in „{RBX_NAME}“ wurde aufgehoben.,Speaker '{RBX_NAME}' has been unblocked.,"Se ha desbloqueado al usuario ""{RBX_NAME}"".","Se ha desbloqueado al usuario ""{RBX_NAME}"".",L'interlocuteur {RBX_NAME} n'est plus bloqué.,"Hai sbloccato il giocatore ""{RBX_NAME}"".",「{RBX_NAME}」のブロックが解除されました。,스피커 '{RBX_NAME}'님 차단을 해제했어요.,'{RBX_NAME}' foi desbloqueado.,'{RBX_NAME}' foi desbloqueado.,Пользователь {RBX_NAME} разблокирован.,发言者“{RBX_NAME}”已被取消屏蔽。,发言者“{RBX_NAME}”已被取消屏蔽。,已解除封鎖使用者「{RBX_NAME}」。
GameChat_ChatMain_SpeakerHasBeenUnMuted,,,,Stummschaltung von Sprecher:in „{RBX_NAME}“ wurde aufgehoben.,Speaker '{RBX_NAME}' has been unmuted.,"Se ha cancelado el silencio del usuario ""{RBX_NAME}"".","Se ha cancelado el silencio del usuario ""{RBX_NAME}"".",L'interlocuteur {RBX_NAME} n'est plus bâillonné.,"Hai restituito la parola al giocatore ""{RBX_NAME}"".",「{RBX_NAME}」のミュートを解除しました。,스피커 '{RBX_NAME}'의 음소거가 해제되었어요.,O silêncio de '{RBX_NAME}' foi removido.,O silêncio de '{RBX_NAME}' foi removido.,Пользователь {RBX_NAME} удален из списка игнорируемых.,发言者“{RBX_NAME}”已被取消禁言。,发言者“{RBX_NAME}”已被取消禁言。,已將使用者「{RBX_NAME}」解除靜音。
GameChat_ChatMessageValidator_MaxLengthError,,,,Deine Nachricht überschreitet die zulässige Nachrichtenlänge.,Your message exceeds the maximum message length.,Tu mensaje supera la longitud máxima permitida.,Tu mensaje supera la longitud máxima permitida.,Votre message dépasse la longueur maximale.,Il tuo messaggio supera la lunghezza massima consentita.,メッセージが最大文字数を超えています。,메시지 길이 한도를 초과했어요.,Sua mensagem ultrapassa o tamanho máximo de mensagem.,Sua mensagem ultrapassa o tamanho máximo de mensagem.,Превышено максимально допустимое количество символов в сообщении.,你的消息已超过最大长度限制。,你的消息已超过最大长度限制。,您的訊息超過長度限制。
GameChat_ChatMessageValidator_SettingsError,,,,Aufgrund deiner Chateinstellungen kannst du keine Nachrichten senden.,Your chat settings prevent you from sending messages.,Tu configuración de chat te impide enviar mensajes.,Tu configuración de chat te impide enviar mensajes.,Vos paramètres de chat vous empêchent d'envoyer des messages.,Non puoi inviare messaggi per le impostazioni della tua chat.,メッセージが送れないチャット設定です。,채팅 설정 때문에 메시지를 보낼 수 없어요.,Suas configurações de chat impedem que você envie mensagens.,Suas configurações de chat impedem que você envie mensagens.,В ваших настройках чата заблокирована возможность отправлять сообщения.,你的聊天设置禁止你发送消息。,你的聊天设置禁止你发送消息。,您的聊天設定禁止您傳送訊息。
GameChat_ChatMessageValidator_WhitespaceError,,,,Deine Nachricht enthält unzulässige Leerräume.,Your message contains whitespace that is not allowed.,Tu mensaje contiene espacios vacíos que no se permiten.,Tu mensaje contiene espacios vacíos que no se permiten.,Votre message contient des espaces blancs qui sont interdits.,Il tuo messaggio contiene spazi vuoti non consentiti.,メッセージに許可されていないスペースが含まれています。,메시지에 허용되지 않는 여백이 있어요.,"Sua mensagem contém um espaço em branco, que não é permitido.","Sua mensagem contém um espaço em branco, que não é permitido.",Ваше сообщение содержит недопустимый пробел.,你的消息包含不被允许的空格。,你的消息包含不被允许的空格。,訊息禁止使用空白字元。
GameChat_ChatServiceRunner_ChannelDoesNotExist,,,,Kanal „{RBX_NAME}“ existiert nicht.,Channel {RBX_NAME} does not exist.,El canal {RBX_NAME} no existe.,El canal {RBX_NAME} no existe.,Le canal {RBX_NAME} n'existe pas.,Il canale {RBX_NAME} non esiste.,チャンネル {RBX_NAME} は存在しません。,{RBX_NAME} 채널이 없어요.,O canal {RBX_NAME} não existe.,O canal {RBX_NAME} não existe.,Канала «{RBX_NAME}» не существует.,频道“{RBX_NAME}”不存在。,频道“{RBX_NAME}”不存在。,頻道「{RBX_NAME}」不存在。
GameChat_ChatServiceRunner_SystemChannelWelcomeMessage,,,,Dieser Kanal ist für System- und Spielbenachrichtigungen.,This channel is for system and game notifications.,Este canal es para notificaciones del sistema y del juego.,Este canal es para notificaciones del sistema y del juego.,Ce canal est réservé aux notifications système et de jeu.,Questo canale è per le notifiche di gioco e del sistema.,このチャンネルはシステムとゲーム通知のためのものです。,이 채널은 시스템 및 게임 알림용이에요.,Este canal é destinado a notificações do sistema e jogo.,Este canal é destinado a notificações do sistema e jogo.,Этот канал предназначен для системных и игровых уведомлений.,此频道用于发送系统及挑战通知。,此频道用于发送系统及游戏通知。,此頻道為系統及遊戲通知專用。
GameChat_ChatServiceRunner_YouAreNotInChannel,,,,Du befindest dich nicht in Kanal „{RBX_NAME}“.,You are not in channel {RBX_NAME},No estás en el canal {RBX_NAME}.,No estás en el canal {RBX_NAME}.,Vous n'êtes pas sur le canal {RBX_NAME},Non ti trovi nel canale {RBX_NAME},あなたはチャンネル {RBX_NAME} にいません。,{RBX_NAME} 채널에 있지 않아요,Você não está no canal {RBX_NAME},Você não está no canal {RBX_NAME},Вы не на канале «{RBX_NAME}»,你不在频道“{RBX_NAME}”,你不在频道“{RBX_NAME}”,您不在 {RBX_NAME} 頻道
GameChat_ChatServiceRunner_YouCannotJoinChannel,,,,Du kannst Kanal „{RBX_NAME}“ nicht beitreten.,You cannot join channel {RBX_NAME},No puedes unirte al canal {RBX_NAME}.,No puedes unirte al canal {RBX_NAME}.,Vous ne pouvez pas rejoindre le canal {RBX_NAME},Non puoi accedere al canale {RBX_NAME},チャンネル {RBX_NAME} に参加することは出来ません。,{RBX_NAME} 채널에 가입할 수 없어요,Você não pode entrar no canal {RBX_NAME},Você não pode entrar no canal {RBX_NAME},Вы не можете подключиться к каналу «{RBX_NAME}»,你无法加入频道“{RBX_NAME}”,你无法加入频道“{RBX_NAME}”,您無法加入{RBX_NAME} 頻道
GameChat_ChatServiceRunner_YouCannotLeaveChannel,,,,Du kannst Kanal „{RBX_NAME}“ nicht verlassen.,You cannot leave channel {RBX_NAME},No puedes salir del canal {RBX_NAME}.,No puedes salir del canal {RBX_NAME}.,Vous ne pouvez pas quitter le canal {RBX_NAME},Non puoi lasciare il canale {RBX_NAME},チャンネル {RBX_NAME} を終了できません。,{RBX_NAME} 채널에서 나갈 수 없어요,Você não pode sair do canal {RBX_NAME},Você não pode sair do canal {RBX_NAME},Вы не можете покинуть канал «{RBX_NAME}».,你无法离开频道“{RBX_NAME}”,你无法离开频道“{RBX_NAME}”,您無法離開 {RBX_NAME} 頻道
GameChat_ChatService_CannotLeaveChannel,,,,Du kannst diesen Kanal nicht verlassen.,You cannot leave this channel.,No puedes salir de este canal.,No puedes salir de este canal.,Vous ne pouvez pas quitter ce canal.,Non puoi lasciare questo canale.,このチャンネルを終了できません。,채널에서 나갈 수 없어요.,Você não pode sair deste canal.,Você não pode sair deste canal.,Вы не можете покинуть этот канал.,你无法离开此频道。,你无法离开此频道。,您無法離開此頻道。
GameChat_ChatService_ChatFilterIssues,,,,Es gibt derzeit Probleme mit dem Chatfilter. Nachrichten können deshalb mit Verzögerung angezeigt werden.,The chat filter is currently experiencing issues and messages may be slow to appear.,El filtro del chat sufre problemas en este momento y es posible que los mensajes tarden un poco en aparecer.,El filtro del chat sufre problemas en este momento y es posible que los mensajes tarden un poco en aparecer.,Le filtre de chat connaît actuellement des problèmes et les messages pourraient mettre du temps à apparaître.,Il filtro della chat sta riscontrando dei problemi e i messaggi potrebbero apparire in ritardo.,現在、チャットフィルターに問題があるためメッセージの表示が遅れています。,현재 채팅 필터에 문제가 있어 메시지 표시가 느릴 수 있어요.,O filtro de chat está com problemas no momento e as mensagens podem demorar para aparecer.,O filtro de chat está com problemas no momento e as mensagens podem demorar para aparecer.,Могут возникать задержки в передаче сообщений из-за проблем с фильтром чата.,聊天过滤器当前遇到问题，消息显示可能出现延迟。,聊天过滤器当前遇到问题，消息显示可能出现延迟。,文字過濾系統發生問題，訊息可能會延遲顯示。
GameChat_ChatService_YouHaveLeftChannel,,,,Du hast Kanal „{RBX_NAME}“ verlassen.,You have left channel '{RBX_NAME}',"Has salido del canal ""{RBX_NAME}"".","Has salido del canal ""{RBX_NAME}"".",Vous avez quitté le canal {RBX_NAME},"Hai lasciato il canale ""{RBX_NAME}""",チャンネル 「{RBX_NAME}」を退出しました。,{RBX_NAME}' 채널에서 나왔어요,Você saiu do canal '{RBX_NAME}',Você saiu do canal '{RBX_NAME}',Вы покинули канал «{RBX_NAME}»,你已离开频道“{RBX_NAME}”,你已离开频道“{RBX_NAME}”,您已離開「{RBX_NAME}」頻道
GameChat_DoMuteCommand_CannotMuteSelf,,,,Du kannst dich nicht selbst stummschalten.,You cannot mute yourself.,No puedes silenciarte a ti mismo.,No puedes silenciarte a ti mismo.,Vous ne pouvez pas vous bâillonner.,Non puoi togliere la parola a te stesso.,自分をミュートすることは出来ません。,자신을 음소거할 수 없어요.,Você não pode silenciar a si mesmo.,Você não pode silenciar a si mesmo.,Невозможно добавить себя в список игнорируемых.,你无法将自己禁言。,你无法将自己禁言。,您無法將自己靜音。
GameChat_FriendChatNotifier_JoinMessage,,,,Dein:e Freund:in {RBX_NAME} ist dem Spiel beigetreten.,Your friend {RBX_NAME} has joined the game.,Tu amigo {RBX_NAME} se ha unido al juego.,Tu amigo {RBX_NAME} se ha unido al juego.,Votre ami {RBX_NAME} a rejoint le jeu.,Il tuo amico {RBX_NAME} è entrato nel gioco.,あなたの友人、{RBX_NAME} さんがゲームに参加しました。,친구 {RBX_NAME}님이 게임에 참가했어요.,Seu amigo {RBX_NAME} juntou-se ao jogo.,Seu amigo {RBX_NAME} juntou-se ao jogo.,Ваш друг {RBX_NAME} присоединился к игре.,你的朋友“{RBX_NAME}”已加入挑战。,你的朋友“{RBX_NAME}”已加入游戏。,您的好友 {RBX_NAME} 已加入遊戲。
GameChat_GetVersion_Message,,,,Die Chatversion dieses Spiels ist [{RBX_NUMBER}.{RBX_NUMBER}].,This game is running chat version [{RBX_NUMBER}.{RBX_NUMBER}].,Este juego utiliza la versión del chat [{RBX_NUMBER} {RBX_NUMBER}].,Este juego utiliza la versión del chat [{RBX_NUMBER} {RBX_NUMBER}].,Le jeu utilise la version de chat [{RBX_NUMBER} {RBX_NUMBER}].,Questo gioco usa la versione [{RBX_NUMBER}.{RBX_NUMBER}] della chat.,このゲームはチャットバージョン [{RBX_NUMBER}.{RBX_NUMBER}]を実行しています。,이 게임은 채팅 버전 [{RBX_NUMBER}. {RBX_NUMBER}]을(를) 실행합니다.,Este jogo está rodando a versão de chat [{RBX_NUMBER}.{RBX_NUMBER}].,Este jogo está rodando a versão de chat [{RBX_NUMBER}.{RBX_NUMBER}].,Эта игра поддерживает чат версии [{RBX_NUMBER}.{RBX_NUMBER}].,此挑战正在运行聊天版本 [{RBX_NUMBER}.{RBX_NUMBER}]。,此游戏正在运行聊天版本 [{RBX_NUMBER}.{RBX_NUMBER}]。,此遊戲正在使用聊天室版本 [{RBX_NUMBER}.{RBX_NUMBER}]。
GameChat_MuteSpeaker_SpeakerDoesNotExist,,,,Sprecher:in „{RBX_NAME}“ existiert nicht.,Speaker '{RBX_NAME}' does not exist.,"El usuario ""{RBX_NAME}"" no existe.","El usuario ""{RBX_NAME}"" no existe.",L'interlocuteur {RBX_NAME} n'existe pas.,"Il giocatore ""{RBX_NAME}"" non esiste.",「{RBX_NAME}」は存在しません。,스피커 '{RBX_NAME}'이(가) 없어요.,'{RBX_NAME}' não existe.,'{RBX_NAME}' não existe.,Пользователя {RBX_NAME} не существует.,发言者“{RBX_NAME}”不存在。,发言者“{RBX_NAME}”不存在。,使用者「{RBX_NAME}」不存在。
GameChat_PrivateMessaging_CannotChat,,,,Du kannst mit diesem Spieler bzw. dieser Spielerin nicht chatten.,You are not able to chat with this player.,No puedes chatear con este jugador.,No puedes chatear con este jugador.,Vous ne pouvez pas discuter avec ce joueur.,Non puoi chattare con questo giocatore.,このプレイヤーとチャットすることは出来ません。,이 플레이어와 채팅할 수 없어요.,Você não pode participar de chat com este jogador.,Você não pode participar de chat com este jogador.,Вы не можете общаться в чате с этим игроком.,你无法与此玩家聊天。,你无法与此玩家聊天。,您無法與此玩家聊天。
GameChat_PrivateMessaging_CannotWhisperToSelf,,,,Du kannst dir nicht selbst etwas zuflüstern.,You cannot whisper to yourself.,No puedes enviarte mensajes privados a ti mismo.,No puedes enviarte mensajes privados a ti mismo.,Vous ne pouvez pas murmurer à votre propre oreille.,Non puoi aprire un canale privato con te stesso.,自分自身に話しかけることは出来ません。,자신에게 귓속말할 수 없어요.,Você não pode sussurrar para si mesmo.,Você não pode sussurrar para si mesmo.,Нельзя отправлять себе личные сообщения.,你无法与自己开启私人频道。,你无法与自己开启私人频道。,您無法與自己開啟私人頻道。
GameChat_PrivateMessaging_NowChattingWith,,,,Du unterhältst dich nun privat mit {RBX_NAME}.,You are now privately chatting with {RBX_NAME},Estás chateando en privado con {RBX_NAME}.,Estás chateando en privado con {RBX_NAME}.,"Maintenant, vous discutez en privé avec {RBX_NAME}",Ora stai chattando in privato con {RBX_NAME},あなたは現在、{RBX_NAME} さんとプライベートチャット中です。,현재 {RBX_NAME}님과 비공개 채팅 중이에요,Você agora está em um chat privado com {RBX_NAME},Você agora está em um chat privado com {RBX_NAME},Открыт канал для личного общения с пользователем {RBX_NAME},你正在与“{RBX_NAME}”私聊,你正在与“{RBX_NAME}”私聊,您正在與{RBX_NAME}私聊
GameChat_SwallowGuestChat_Message,,,,"Erstelle ein kostenloses Konto, um Zugriff auf Chatberechtigungen zu erhalten!",Create a free account to get access to chat permissions!,¡Crea una cuenta gratuita para obtener los permisos de acceso al chat!,¡Crea una cuenta gratuita para obtener los permisos de acceso al chat!,Créez un compte gratuit pour accéder aux permissions de chat !,Crea un account gratuito per avere accesso ai permessi della chat!,フリーアカウントを作ってチャット権限にアクセス！,무료 계정을 생성해 채팅 권한을 이용하세요!,Crie uma conta grátis para ter acesso a permissões de chat!,Crie uma conta grátis para ter acesso a permissões de chat!,"Создайте бесплатную учетную запись, чтобы настроить права доступа в чате!",创建免费帐户以获取聊天权限！,创建免费帐户以获取聊天权限！,若要使用聊天功能，請建立免費帳號。
GameChat_SwitchChannel_NotInChannel,,,,Du befindest dich nicht in Kanal „{RBX_NAME}“.,You are not in channel: '{RBX_NAME}',"No estás en el canal ""{RBX_NAME}"".","No estás en el canal ""{RBX_NAME}"".",Vous n'êtes pas sur le canal : {RBX_NAME},"Non ti trovi nel canale: ""{RBX_NAME}""",あなたはチャネル: 「{RBX_NAME}」にいません。,{RBX_NAME}' 채널에 있지 않아요,Você não está no canal: '{RBX_NAME}',Você não está no canal: '{RBX_NAME}',Вы не на канале «{RBX_NAME}»,你不在频道：“{RBX_NAME}”,你不在频道：“{RBX_NAME}”,您不在「{RBX_NAME}」頻道
GameChat_SwitchChannel_NowInChannel,,,,Du chattest jetzt in Kanal „{RBX_NAME}“.,You are now chatting in channel: '{RBX_NAME}',"Estás chateando en el canal ""{RBX_NAME}"".","Estás chateando en el canal ""{RBX_NAME}"".","Maintenant, vous discutez sur le canal : {RBX_NAME}","Ora stai parlando nel canale: ""{RBX_NAME}""",あなたの現在のチャットチャンネルは: 「{RBX_NAME}」です。,'{RBX_NAME}' 채널에서 채팅 중이에요,Você agora está no canal de chat: '{RBX_NAME}',Você agora está no canal de chat: '{RBX_NAME}',Вы общаетесь на канале «{RBX_NAME}»,你当前的聊天频道为：“{RBX_NAME}”,你当前的聊天频道为：“{RBX_NAME}”,您目前在「{RBX_NAME}」頻道聊天
GameChat_TeamChat_CannotTeamChatIfNotInTeam,,,,"Teamchat ist nur verfügbar, wenn du Mitglied eines Teams bist!",You cannot team chat if you are not on a team!,¡No puedes chatear con tu equipo si no formas parte de un equipo!,¡No puedes chatear con tu equipo si no formas parte de un equipo!,Vous ne pouvez pas avoir de discussion d'équipe si vous n'appartenez pas à une équipe !,Non puoi chattare con la squadra se non sei in una squadra!,チームに所属していなければチームチャットは出来ません。,팀에 속하지 않으면 팀 채팅을 이용할 수 없어요!,Você não pode participar de chat de equipe se não estiver em uma!,Você não pode participar de chat de equipe se não estiver em uma!,"Вы не можете общаться в командном чате, если не состоите в команде!",如果你不在该团队，则无法进行团队聊天。,如果你不在该团队，则无法进行团队聊天。,若您不在隊伍中，您無法使用隊伍頻道。
GameChat_TeamChat_NowInTeam,,,,Du bist nun Mitglied im Team „{RBX_NAME}“.,You are now on the '{RBX_NAME}' team.,"Ahora formas parte del equipo ""{RBX_NAME}"".","Ahora formas parte del equipo ""{RBX_NAME}"".",Vous êtes désormais dans l'équipe {RBX_NAME}.,"Ora sei nella squadra ""{RBX_NAME}"".",あなたは現在「{RBX_NAME}」チームに所属しています。,현재 '{RBX_NAME}'팀에 속해 있어요.,Você agora está na equipe '{RBX_NAME}'.,Você agora está na equipe '{RBX_NAME}'.,Вы вступили в команду {RBX_NAME}.,你正在团队“{RBX_NAME}”中。,你正在团队“{RBX_NAME}”中。,您在「{RBX_NAME}」隊伍。
GameChat_TeamChat_WelcomeMessage,,,,Dies ist ein privater Kanal für dich und deine Teammitglieder.,This is a private channel between you and your team members.,Este es un canal privado entre tú y los miembros de tu equipo.,Este es un canal privado entre tú y los miembros de tu equipo.,Ceci est un canal privé entre les membres de votre équipe et vous.,Questo è un canale privato tra te e i membri della tua squadra.,これはあなたとあなたのチームメンバーとのプライベートチャンネルです。,회원님과 팀원 간의 비공개 채널이에요.,Este é um canal privado entre você e os membros da sua equipe.,Este é um canal privado entre você e os membros da sua equipe.,Это канал для личного общения участников вашей команды.,这是你与团队成员之间的私人频道。,这是你与团队成员之间的私人频道。,這是您與隊伍成員的私人頻道。
InGame.Chat.ErrorMessageAnimationPlaying,,,,Du kannst das Emote während dieser Aktion nicht abspielen.,You cannot play Emotes during this action.,No puedes usar los emotes durante esta acción.,No puedes usar los emotes durante esta acción.,Tu ne peux pas jouer à Emotes pendant cette action.,Non puoi giocare Emote durante questa azione.,この動作中はエモートを表示できません。,이 동작 중에는 감정 표현을 적용할 수 없습니다.,Você não pode usar emotes durante esta ação.,Você não pode usar emotes durante esta ação.,,无法在此动作进行时使用其他动作。,无法在此动作进行时使用其他动作。,無法在此動作執行時使用其他動作。
InGame.Chat.ErrorMessageSwitchToR15,,,,"Wechsle zu deinem R15-Avatar, um das Emote abzuspielen.",Switch to your R15 avatar to play Emote.,Cambia tu avatar a R15 para usar los emotes.,Cambia tu avatar a R15 para usar los emotes.,Passe à ton avatar R15 pour jouer à Emote.,Passa al tuo avatar R15 per giocare a Emote.,エモートを表示するにはR15アバターに切り替えてください。,감정 표현을 적용하려면 R15 아바타로 전환하세요.,Mude seu avatar para o modelo R15 para usar emotes.,Mude seu avatar para o modelo R15 para usar emotes.,,切换成 R15 虚拟形象以使用此动作。,切换成 R15 虚拟形象以使用此动作。,切換成 R15 虛擬人偶即可使用此動作。
InGame.Chat.Label.From,,,,Von,From,De,De,De,Da,から,발신:,De,De,От ,来自于,来自于,自
InGame.Chat.Label.SystemMessagePrefix,,,,System,System,Sistema,Sistema,Système,Sistema,システム,시스템,Sistema,Sistema,Система,系统,系统,系統
InGame.Chat.Label.TeamMessagePrefix,,,,Team,Team,Equipo,Equipo,Équipe,Squadra,チーム,팀,Equipe,Equipe,Команда,队伍,队伍,隊伍
InGame.Chat.Label.To,,,,Bis,To,Para,Para,À,A,へ,수신:,Para,Para,Для,发送至,发送至,對
InGame.Chat.Response.DisplayNameMultipleMatches,,,,Warnung: Die folgenden Benutzer:innen haben diesen angezeigten Namen: ,Warning: The following users have this display name: ,Advertencia: Los siguientes jugadores tienen este nombre de usuario: ,Advertencia: Los siguientes jugadores tienen este nombre de usuario: ,Avertissement - Les utilisateurs suivants ont ce nom d'affichage : ,"Attenzione, i seguenti utenti hanno questo nome: ",警告: 以下のユーザーには、この表示名があります: ,주의: 다음 사용자들이 이 표시 이름을 사용하고 있습니다.,Aviso! Os seguintes usuários têm esse nome de exibição: ,Aviso! Os seguintes usuários têm esse nome de exibição: ,Внимание! Такое имя есть у нескольких пользователей: ,注意：以下用户正在使用此昵称：,注意：以下用户正在使用此昵称：,注意：以下使用者正在使用此顯示名稱：
InGame.Chat.Response.EmoteNotAvailable,,,,Du kannst dieses Emote nicht benutzen.,You can't use that Emote.,No puedes usar ese emoticono.,No puedes usar ese emoticono.,Tu ne peux pas utiliser cette Emote.,Non puoi usare quell'emoticon.,そのエモートは使えません。,이 감정 표현은 사용할 수 없어요.,Você não pode usar esse emote.,Você não pode usar esse emote.,Вы не можете использовать эту эмоцию.,无法使用该动作。,无法使用该动作。,無法使用該動作。
InGame.Chat.Response.EmotesNotSupported,,,,Du kannst hier keine Emotes verwenden.,You can't use Emotes here.,No puedes usar emoticonos aquí.,No puedes usar emoticonos aquí.,Tu ne peux pas utiliser les Emotes ici.,Qui non puoi usare le emoticon.,ここではエモートはここでは使えません。,여기서는 감정 표현을 사용할 수 없어요.,Você não pode usar emotes aqui.,Você não pode usar emotes aqui.,Здесь нельзя использовать эмоции.,无法在此挑战中使用动作。,无法在此游戏中使用动作。,無法在此遊戲使用動作。
InGame.Chat.Response.EmotesTemporarilyUnavailable,,,,You can't use Emotes right now.,You can't use Emotes right now.,No puedes usar emoticonos en este momento.,No puedes usar emoticonos en este momento.,Tu ne peux pas utiliser d'Emote maintenant.,Adesso non puoi usare le emoticon.,今はエモートを使えません。,지금은 감정 표현을 사용할 수 없어요.,Você não pode usar emotes no momento.,Você não pode usar emotes no momento.,Вы не можете использовать эмоции прямо сейчас.,当前无法使用动作。,当前无法使用动作。,現在無法使用動作。
InGame.Chat.Response.EmotesWrongAvatarType,,,,Nur R15 Avatars können Emotes verwenden.,Only R15 avatars can use Emotes.,Solo los avatares R15 pueden usar emoticonos.,Solo los avatares R15 pueden usar emoticonos.,Seuls les avatars R15 peuvent utiliser les Emotes.,Solo gli avatar R15 possono usare le emoticon.,R15指定のアバターのみエモートを使えます。,R15 아바타만 감정 표현을 사용할 수 있어요.,Apenas avatares R15 podem usar emotes.,Apenas avatares R15 podem usar emotes.,Только аватары R15 могут использовать эмоции.,只有 R15 虚拟形象可以使用动作。,只有 R15 虚拟形象可以使用动作。,只有 R15 虛擬人偶可以使用動作。